Date,Open,High,Low,Close
09/09/2026,"10,811.44","10,811.60","10,651.71","10,670.06"
09/08/2026,"10,822.26","10,850.73","10,778.06","10,811.66"
09/07/2026,"10,830.97","10,868.27","10,794.17","10,822.13"
09/04/2026,"10,831.45","10,843.12","10,791.43","10,831.09"
09/03/2026,"10,756.77","10,866.82","10,742.66","10,831.52"
09/02/2026,"10,789.94","10,800.83","10,713.09","10,756.45"
09/01/2026,"10,824.60","10,829.19","10,689.55","10,789.28"
08/31/2026,"10,792.46","10,844.99","10,792.44","10,824.26"
08/28/2026,"10,792.46","10,844.99","10,792.44","10,824.26"
08/27/2026,"10,878.16","10,878.47","10,772.62","10,792.54"
08/26/2026,"10,886.20","10,920.48","10,855.62","10,878.12"
08/25/2026,"10,854.57","10,886.98","10,825.76","10,886.16"
08/24/2026,"10,816.33","10,864.75","10,798.98","10,854.32"
08/21/2026,"10,748.07","10,831.64","10,734.92","10,816.56"
08/20/2026,"10,743.23","10,766.85","10,684.38","10,748.16"
08/19/2026,"10,727.84","10,765.96","10,701.11","10,743.35"
08/18/2026,"10,720.85","10,779.85","10,701.69","10,728.04"
08/17/2026,"10,749.95","10,793.55","10,717.55","10,720.30"
08/14/2026,"10,772.54","10,789.71","10,723.66","10,750.11"
08/13/2026,"10,833.58","10,837.02","10,756.38","10,772.67"
08/12/2026,"10,844.19","10,863.81","10,809.63","10,833.15"
08/11/2026,"10,862.85","10,893.22","10,825.39","10,844.19"
08/10/2026,"10,901.09","10,910.87","10,829.00","10,862.50"
